"City_ID,City,Country,Date,Lat,Lng,Max Temp,Humidity,Cloudiness,Wind Speed"
"0,Natal,BR,2021-04-18 00:11:29,-5.795,-35.2094,78.8,89,75,3.44"
"1,Hof,DE,2021-04-18 00:14:40,50.3167,11.9167,37.99,93,100,4.0"
"2,Port Alfred,ZA,2021-04-18 00:12:30,-33.5906,26.891,65.28,60,34,12.5"
"3,Hluti,SZ,2021-04-18 00:14:41,-27.2167,31.6167,51.1,87,40,3.51"
"4,Khromtau,KZ,2021-04-18 00:14:41,50.2503,58.4347,48.22,76,29,8.9"
"5,Busselton,AU,2021-04-18 00:12:44,-33.65,115.3333,62.28,69,0,7.07"
"6,Arinos,BR,2021-04-18 00:14:41,-15.9169,-46.1056,70.97,56,35,2.53"
"7,Hambantota,LK,2021-04-18 00:14:42,6.1241,81.1185,77.18,85,99,14.45"
"8,Ribeira Grande,PT,2021-04-18 00:08:03,38.5167,-28.7,62.11,91,39,13.18"
"9,Rikitea,PF,2021-04-18 00:12:25,-23.1203,-134.9692,77.58,66,63,5.03"
"10,Constitucion,CL,2021-04-18 00:12:46,-35.3333,-72.4167,55.85,88,83,3.65"
"11,Punta Arenas,CL,2021-04-18 00:12:43,-53.15,-70.9167,53.6,54,75,9.22"
"12,Port Elizabeth,ZA,2021-04-18 00:12:23,-33.918,25.5701,51.8,93,0,3.44"
"13,East London,ZA,2021-04-18 00:12:32,-33.0153,27.9116,64.04,67,88,12.08"
"14,Ushuaia,AR,2021-04-18 00:11:34,-54.8,-68.3,53.6,54,40,9.22"
"15,Mataura,NZ,2021-04-18 00:12:52,-46.1927,168.8643,55.99,82,98,5.01"
"16,Doha,QA,2021-04-18 00:12:11,25.2867,51.5333,78.8,22,0,6.91"
"17,Carupano,VE,2021-04-18 00:14:43,10.6678,-63.2585,77.58,81,57,10.96"
"18,Redmond,US,2021-04-18 00:14:43,47.674,-122.1215,80.01,26,0,5.61"
"19,Yerbogachen,RU,2021-04-18 00:13:54,61.2767,108.0108,8.19,79,48,11.92"
"20,Polva,EE,2021-04-18 00:14:44,58.0603,27.0694,44.01,49,61,5.75"
"21,Shingu,JP,2021-04-18 00:14:44,33.7333,135.9833,53.6,58,20,17.27"
"22,Virginia Beach,US,2021-04-18 00:12:11,36.8529,-75.978,55.99,62,90,8.05"
"23,Merauke,ID,2021-04-18 00:13:58,-8.4667,140.3333,76.41,94,100,3.94"
"24,Albany,US,2021-04-18 00:10:18,42.6001,-73.9662,46.99,73,99,3.85"
"25,Coronado,US,2021-04-18 00:12:19,32.6859,-117.1831,69.01,67,20,9.22"
"26,Imeni Poliny Osipenko,RU,2021-04-18 00:12:16,52.4201,136.4853,42.49,77,42,7.92"
"27,Hermanus,ZA,2021-04-18 00:12:43,-34.4187,19.2345,69.01,34,0,7.09"
"28,Olinda,BR,2021-04-18 00:14:45,-8.0089,-34.8553,75.2,88,75,3.44"
"29,Grindavik,IS,2021-04-18 00:14:35,63.8424,-22.4338,35.6,80,75,21.85"
"30,Alta Floresta,BR,2021-04-18 00:13:03,-9.8756,-56.0861,71.15,95,99,3.58"
"31,Torbay,CA,2021-04-18 00:14:28,47.6666,-52.7314,35.01,100,90,13.8"
"32,George,ZA,2021-04-18 00:14:46,-33.963,22.4617,55.4,71,0,2.3"
"33,Saskylakh,RU,2021-04-18 00:13:19,71.9167,114.0833,7.21,93,100,12.33"
"34,Klaksvik,FO,2021-04-18 00:13:09,62.2266,-6.589,46.4,81,100,26.46"
"35,Arraial Do Cabo,BR,2021-04-18 00:13:02,-22.9661,-42.0278,77.0,83,40,18.41"
"36,Khani,GE,2021-04-18 00:14:46,41.9563,42.9566,57.2,88,90,11.5"
"37,Salalah,OM,2021-04-18 00:12:44,17.0151,54.0924,77.0,50,0,4.61"
"38,Mahebourg,MU,2021-04-18 00:14:10,-20.4081,57.7,75.2,94,75,5.75"
"39,Takaungu,KE,2021-04-18 00:14:47,-3.6837,39.8566,77.52,86,56,12.39"
"40,Dikson,RU,2021-04-18 00:13:01,73.5069,80.5464,-16.02,100,44,2.68"
"41,Bluff,NZ,2021-04-18 00:12:30,-46.6,168.3333,55.99,82,91,5.01"
"42,Miranda,CO,2021-04-18 00:14:48,3.2499,-76.2281,75.2,73,40,9.22"
"43,Tasiilaq,GL,2021-04-18 00:12:34,65.6145,-37.6368,23.0,86,90,2.24"
"44,Saldanha,ZA,2021-04-18 00:12:06,-33.0117,17.9442,66.2,34,0,8.41"
"45,Caravelas,BR,2021-04-18 00:14:48,-17.7125,-39.2481,74.07,73,85,6.11"
"46,Pacific Grove,US,2021-04-18 00:13:34,36.6177,-121.9166,57.2,72,75,10.36"
"47,Vaini,TO,2021-04-18 00:12:33,-21.2,-175.2,80.6,69,20,5.75"
"48,Carnarvon,AU,2021-04-18 00:14:20,-24.8667,113.6333,77.14,55,4,3.67"
"49,Barrow,US,2021-04-18 00:10:11,71.2906,-156.7887,32.0,74,1,13.8"
"50,Geraldton,AU,2021-04-18 00:13:07,-28.7667,114.6,68.0,40,54,5.75"
"51,Port Macquarie,AU,2021-04-18 00:14:24,-31.4333,152.9167,66.99,68,76,1.99"
"52,Hobart,AU,2021-04-18 00:12:31,-42.8794,147.3294,62.01,58,75,10.36"
"53,Kaeo,NZ,2021-04-18 00:14:49,-35.1,173.7833,69.01,54,31,5.01"
"54,Nishihara,JP,2021-04-18 00:14:50,26.1842,127.7558,68.0,55,40,19.57"
"55,Tomohon,ID,2021-04-18 00:14:50,1.3346,124.8392,84.2,74,20,3.44"
"56,Cherskiy,RU,2021-04-18 00:12:52,68.75,161.3,27.3,69,16,28.48"
"57,Sombrerete,MX,2021-04-18 00:14:50,23.6333,-103.65,72.41,7,65,22.73"
"58,Siauliai,LT,2021-04-18 00:14:51,55.9333,23.3167,46.4,66,23,5.75"
"59,Tambura,SS,2021-04-18 00:14:51,5.6,27.4667,75.11,58,94,4.85"
"60,Avarua,CK,2021-04-18 00:10:16,-21.2078,-159.775,82.4,69,40,9.22"
"61,Arboletes,CO,2021-04-18 00:14:52,8.8505,-76.4269,81.27,76,38,6.82"
"62,Hay River,CA,2021-04-18 00:14:07,60.8156,-115.7999,42.8,49,75,6.91"
"63,Ilulissat,GL,2021-04-18 00:14:10,69.2167,-51.1,8.6,66,90,16.11"
"64,Kathmandu,NP,2021-04-18 00:11:10,27.7167,85.3167,53.6,87,20,2.3"
"65,Puerto Ayora,EC,2021-04-18 00:12:36,-0.7393,-90.3518,77.0,94,92,3.0"
"66,Gunjur,GM,2021-04-18 00:14:52,13.2019,-16.7339,71.6,78,0,10.36"
"67,Miles City,US,2021-04-18 00:14:53,46.4083,-105.8406,57.2,19,1,11.5"
"68,Komsomolskiy,UZ,2021-04-18 00:14:53,40.4272,71.7189,55.4,58,99,2.98"
"69,Kavieng,PG,2021-04-18 00:13:18,-2.5744,150.7967,82.92,76,71,10.87"
"70,Leh,IN,2021-04-18 00:14:53,34.1667,77.5833,34.21,83,96,6.11"
"71,Lons-Le-Saunier,FR,2021-04-18 00:14:53,46.75,5.75,42.8,61,0,6.91"
"72,Saint-Philippe,RE,2021-04-18 00:11:11,-21.3585,55.7679,75.2,94,90,8.05"
"73,Atuona,PF,2021-04-18 00:12:43,-9.8,-139.0333,80.64,74,50,19.3"
"74,Mandali,IQ,2021-04-18 00:14:54,33.7499,45.5541,73.72,28,0,10.25"
"75,Wagga Wagga,AU,2021-04-18 00:14:54,-35.1167,147.3667,57.99,62,0,1.14"
"76,Hanstholm,DK,2021-04-18 00:14:55,57.1167,8.6167,43.0,60,82,11.45"
"77,Yellowknife,CA,2021-04-18 00:12:48,62.456,-114.3525,35.6,64,75,10.36"
"78,Richards Bay,ZA,2021-04-18 00:14:55,-28.783,32.0377,59.9,77,1,8.52"
"79,Victoria,HK,2021-04-18 00:11:39,22.2855,114.1577,75.99,59,94,24.76"
"80,Sibolga,ID,2021-04-18 00:14:56,1.7427,98.7792,75.43,83,56,3.51"
"81,Big Bend,SZ,2021-04-18 00:14:56,-26.8167,31.9333,44.6,49,10,5.75"
"82,Urumqi,CN,2021-04-18 00:14:57,43.801,87.6005,57.2,41,0,6.71"
"83,Port Lincoln,AU,2021-04-18 00:14:36,-34.7333,135.8667,62.4,61,20,5.57"
"84,Hede,CN,2021-04-18 00:14:57,33.7681,120.2517,55.4,38,11,2.17"
"85,Kamenka,RU,2021-04-18 00:14:57,51.3223,42.7678,42.1,87,1,3.78"
"86,New Norfolk,AU,2021-04-18 00:12:32,-42.7826,147.0587,62.01,77,100,5.01"
"87,Bud,US,2021-04-18 00:13:28,39.447,-86.1758,55.99,41,1,10.36"
"88,Laguna,US,2021-04-18 00:14:58,38.421,-121.4238,87.8,7,1,14.97"
"89,Severo-Kurilsk,RU,2021-04-18 00:12:37,50.6789,156.125,38.12,62,100,7.4"
"90,Faanui,PF,2021-04-18 00:12:32,-16.4833,-151.75,82.35,73,79,8.72"
"91,Potsdam,DE,2021-04-18 00:13:28,52.3989,13.0657,45.0,84,69,4.16"
"92,Bethel,US,2021-04-18 00:14:16,41.3712,-73.414,48.0,65,96,2.95"
"93,Upernavik,GL,2021-04-18 00:10:11,72.7868,-56.1549,5.7,88,100,6.73"
"94,Simplicio Mendes,BR,2021-04-18 00:14:59,-7.8539,-41.9103,71.69,92,100,3.36"
"95,Najran,SA,2021-04-18 00:14:59,17.4924,44.1277,69.8,32,40,4.27"
"96,Longyearbyen,SJ,2021-04-18 00:13:39,78.2186,15.6401,32.0,69,75,3.44"
"97,Khatanga,RU,2021-04-18 00:11:13,71.9667,102.5,-0.87,95,100,12.62"
"98,Georgetown,MY,2021-04-18 00:12:38,5.4112,100.3354,80.01,89,20,5.75"
"99,Tuktoyaktuk,CA,2021-04-18 00:13:50,69.4541,-133.0374,24.8,86,75,6.91"
"100,Manacapuru,BR,2021-04-18 00:15:00,-3.2997,-60.6206,78.8,94,75,2.3"
"101,Ipameri,BR,2021-04-18 00:15:01,-17.7219,-48.1597,69.06,66,21,5.5"
"102,Basco,PH,2021-04-18 00:11:48,20.4487,121.9702,76.1,74,99,34.4"
"103,Nikolskoye,RU,2021-04-18 00:13:20,59.7035,30.7861,46.4,39,0,6.71"
"104,Port Hardy,CA,2021-04-18 00:13:05,50.6996,-127.4199,66.2,45,1,4.61"
"105,Jamestown,US,2021-04-18 00:09:10,42.097,-79.2353,42.8,70,75,10.36"
"106,Kintampo,GH,2021-04-18 00:15:02,8.0563,-1.7306,79.03,69,98,4.7"
"107,Talnakh,RU,2021-04-18 00:12:59,69.4865,88.3972,-20.58,93,65,1.61"
"108,Ola,RU,2021-04-18 00:15:02,59.5833,151.2833,28.74,84,91,5.61"
"109,Copiapo,CL,2021-04-18 00:15:02,-27.3667,-70.3333,59.0,82,90,8.05"
"110,Ingham,US,2021-04-18 00:15:03,42.6,-84.3833,55.4,50,90,2.62"
"111,Kovdor,RU,2021-04-18 00:15:03,67.5662,30.4758,28.65,96,17,1.83"
"112,Mar Del Plata,AR,2021-04-18 00:12:41,-38.0023,-57.5575,66.99,94,90,5.75"
"113,Cidreira,BR,2021-04-18 00:14:12,-30.1811,-50.2056,70.3,86,100,8.55"
"114,Namibe,AO,2021-04-18 00:15:04,-15.1961,12.1522,82.31,65,0,1.74"
"115,Dingle,PH,2021-04-18 00:13:55,10.9995,122.6711,81.27,68,100,11.92"
"116,Sarangani,PH,2021-04-18 00:15:04,5.4033,125.4636,83.32,75,93,23.49"
"117,Sao Filipe,CV,2021-04-18 00:15:05,14.8961,-24.4956,72.7,70,0,9.24"
"118,Dali,CN,2021-04-18 00:15:05,25.7,100.1833,54.45,78,47,3.02"
"119,Samarai,PG,2021-04-18 00:11:12,-10.6167,150.6667,84.04,74,79,13.11"
"120,Binucayan,PH,2021-04-18 00:15:06,8.25,125.7167,78.12,80,100,1.68"
"121,Nushki,PK,2021-04-18 00:15:06,29.5542,66.0215,68.72,23,21,2.35"
"122,Bredasdorp,ZA,2021-04-18 00:12:47,-34.5322,20.0403,48.2,93,0,6.91"
"123,Hailey,US,2021-04-18 00:15:07,43.5196,-114.3153,57.2,21,1,5.75"
"124,Nan,TH,2021-04-18 00:15:07,18.8333,100.6667,73.4,94,75,1.3"
"125,Davila,PH,2021-04-18 00:15:07,18.4726,120.5763,80.6,65,75,6.91"
"126,Nemuro,JP,2021-04-18 00:15:08,43.3236,145.575,41.0,100,75,12.66"
"127,San Antonio,US,2021-04-18 00:15:08,29.4241,-98.4936,68.0,42,90,16.11"
"128,Novovarshavka,RU,2021-04-18 00:12:31,54.1721,74.6946,35.92,73,70,7.29"
"129,Fortuna,US,2021-04-18 00:09:16,40.5982,-124.1573,55.0,82,1,11.5"
"130,Verkhnevilyuysk,RU,2021-04-18 00:15:09,63.4453,120.3167,13.62,86,100,12.41"
"131,Haines Junction,CA,2021-04-18 00:12:40,60.7522,-137.5108,55.4,24,12,6.91"
"132,Kahului,US,2021-04-18 00:14:24,20.8947,-156.47,78.8,65,40,11.5"
"133,Luderitz,NA,2021-04-18 00:12:57,-26.6481,15.1594,76.82,38,30,4.41"
"134,Thompson,CA,2021-04-18 00:12:50,55.7435,-97.8558,30.2,64,90,11.5"
"135,Mayo,US,2021-04-18 00:14:35,38.8876,-76.5119,55.4,50,1,4.36"
"136,Cape Town,ZA,2021-04-18 00:09:06,-33.9258,18.4232,69.01,88,0,4.61"
"137,Sola,VU,2021-04-18 00:15:09,-13.8833,167.55,89.6,70,75,4.61"
"138,Alofi,NU,2021-04-18 00:13:05,-19.0595,-169.9187,80.6,74,15,3.44"
"139,Ponta Do Sol,PT,2021-04-18 00:13:49,32.6667,-17.1,57.0,70,95,1.99"
"140,Nome,US,2021-04-18 00:09:44,64.5011,-165.4064,33.8,75,1,9.22"
"141,Kapaa,US,2021-04-18 00:13:06,22.0752,-159.319,75.2,60,90,13.8"
"142,Oga,IT,2021-04-18 00:15:10,46.4631,10.347,41.0,74,90,8.05"
"143,Vila Franca Do Campo,PT,2021-04-18 00:13:59,37.7167,-25.4333,62.6,94,75,6.91"
"144,Clyde River,CA,2021-04-18 00:15:08,70.4692,-68.5914,6.8,85,90,14.97"
"145,Boende,CD,2021-04-18 00:15:11,-0.2167,20.8667,71.96,98,92,2.53"
"146,Butaritari,KI,2021-04-18 00:13:10,3.0707,172.7902,82.42,76,98,6.73"
"147,Haapiti,PF,2021-04-18 00:15:11,-17.5667,-149.8667,87.8,66,20,12.66"
"148,Pisco,PE,2021-04-18 00:12:29,-13.7,-76.2167,66.99,88,0,18.41"
"149,Asau,RO,2021-04-18 00:15:12,46.4333,26.4,41.0,53,93,3.65"
"150,Bambous Virieux,MU,2021-04-18 00:14:23,-20.3428,57.7575,77.0,94,75,5.75"
"151,Saint George,US,2021-04-18 00:15:12,37.1041,-113.5841,66.0,19,1,18.41"
"152,Sal Rei,CV,2021-04-18 00:15:12,16.1833,-22.9167,69.8,78,75,17.27"
"153,Salani,IN,2021-04-18 00:15:13,29.957,79.7127,51.31,67,3,5.73"
"154,Shache,CN,2021-04-18 00:14:25,38.4167,77.2406,57.33,40,97,4.72"
"155,Yarada,IN,2021-04-18 00:15:14,17.65,83.2667,80.6,94,20,3.44"
"156,Navrongo,GH,2021-04-18 00:15:14,10.8956,-1.0921,84.16,49,86,8.05"
"157,Hauterive,FR,2021-04-18 00:15:14,46.0901,3.4459,42.8,61,0,4.61"
"158,Nanortalik,GL,2021-04-18 00:12:45,60.1432,-45.2371,25.2,56,1,27.67"
"159,Xinpu,CN,2021-04-18 00:10:18,34.5997,119.1594,54.37,35,47,3.02"
"160,Anadyr,RU,2021-04-18 00:14:39,64.75,177.4833,28.4,93,90,8.95"
"161,Pontarlier,FR,2021-04-18 00:15:15,46.8333,6.25,35.01,69,62,8.01"
"162,Leningradskiy,RU,2021-04-18 00:14:47,69.3833,178.4167,34.84,84,97,8.75"
"163,Mirabad,AF,2021-04-18 00:11:11,30.4362,61.8383,70.39,25,92,11.01"
"164,Boralday,KZ,2021-04-18 00:13:51,43.3578,76.8594,48.2,71,40,2.24"
"165,Mudgee,AU,2021-04-18 00:15:16,-32.5943,149.5871,50.0,100,90,3.44"
"166,Domoni,KM,2021-04-18 00:15:16,-12.2569,44.5319,80.38,77,100,11.68"
"167,Kelso,US,2021-04-18 00:15:17,46.1468,-122.9084,84.0,15,1,3.44"
"168,Egvekinot,RU,2021-04-18 00:13:49,66.3167,-179.1667,28.0,98,100,13.73"
"169,Denizli,TR,2021-04-18 00:15:17,37.8402,29.0698,64.4,52,75,4.61"
"170,Yumen,CN,2021-04-18 00:13:06,40.2833,97.2,51.17,15,98,2.06"
"171,Hithadhoo,MV,2021-04-18 00:13:44,-0.6,73.0833,81.7,62,29,4.41"
"172,Santiago,CL,2021-04-18 00:15:18,-33.4569,-70.6483,64.0,82,0,11.5"
"173,Los Cedrales,PY,2021-04-18 00:15:18,-25.65,-54.7,75.2,78,0,4.61"
"174,Aksarka,RU,2021-04-18 00:15:19,66.5606,67.7975,-12.55,98,56,4.52"
"175,Norman Wells,CA,2021-04-18 00:13:34,65.282,-126.8329,50.0,37,20,6.91"
"176,Poum,NC,2021-04-18 00:13:51,-20.2333,164.0167,80.02,71,62,17.6"
"177,Villazon,BO,2021-04-18 00:15:19,-22.0866,-65.5942,52.88,57,12,10.29"
"178,Soure,BR,2021-04-18 00:15:19,-0.7167,-48.5233,77.45,87,100,8.08"
"179,Touros,BR,2021-04-18 00:13:08,-5.1989,-35.4608,77.0,88,75,3.44"
"180,College,US,2021-04-18 00:10:53,64.8569,-147.8028,53.6,37,1,8.05"
"181,Roma,US,2021-04-18 00:12:08,43.2128,-75.4557,46.4,66,75,3.44"
"182,Fontem,CM,2021-04-18 00:15:20,5.4685,9.8818,67.37,94,100,6.85"
"183,Ketchikan,US,2021-04-18 00:13:36,55.3422,-131.6461,60.8,44,1,6.91"
"184,Ahipara,NZ,2021-04-18 00:13:30,-35.1667,173.1667,62.42,57,86,7.07"
"185,Tyrma,RU,2021-04-18 00:15:21,50.0833,132.1667,41.77,75,91,1.68"
"186,Chokurdakh,RU,2021-04-18 00:13:04,70.6333,147.9167,17.11,86,100,5.21"
"187,Pokhara,NP,2021-04-18 00:15:21,28.2333,83.9833,66.74,31,4,7.76"
"188,Mubi,NG,2021-04-18 00:15:21,10.2676,13.2644,81.63,43,89,6.82"
"189,Kaitangata,NZ,2021-04-18 00:13:58,-46.2817,169.8464,60.01,63,89,5.01"
"190,Lorengau,PG,2021-04-18 00:13:41,-2.0226,147.2712,83.05,71,89,11.03"
"191,Natividade,BR,2021-04-18 00:15:22,-21.0422,-41.9733,67.5,91,89,3.18"
"192,Qaanaaq,GL,2021-04-18 00:12:46,77.484,-69.3632,-0.65,96,100,5.86"
"193,Krasnoye,UA,2021-04-18 00:15:22,49.9145,24.6134,39.0,93,75,1.72"
"194,Pinheiro Machado,BR,2021-04-18 00:15:23,-31.5783,-53.3811,61.0,100,2,11.01"
"195,Mizdah,LY,2021-04-18 00:15:23,31.4451,12.9801,60.51,64,100,9.28"
"196,Chuy,UY,2021-04-18 00:14:12,-33.6971,-53.4616,64.04,90,4,6.53"
"197,Bikin,RU,2021-04-18 00:15:23,46.8161,134.26,46.42,60,1,6.64"
"198,Oschersleben,DE,2021-04-18 00:15:24,52.0333,11.25,46.99,86,97,4.63"
"199,Fairbanks,US,2021-04-18 00:14:26,64.8378,-147.7164,53.6,30,1,9.22"
"200,Labytnangi,RU,2021-04-18 00:15:24,66.6572,66.4183,-9.36,92,16,5.08"
"201,Henties Bay,NA,2021-04-18 00:13:10,-22.116,14.2845,76.42,44,81,11.81"
"202,Dogondoutchi,NE,2021-04-18 00:15:24,13.6393,4.0287,87.28,16,50,6.67"
"203,Kruisfontein,ZA,2021-04-18 00:15:25,-34.0033,24.7314,61.18,30,14,4.32"
"204,Chicama,PE,2021-04-18 00:15:25,-7.8447,-79.1469,66.2,88,75,9.22"
"205,Coahuayana,MX,2021-04-18 00:13:52,18.7333,-103.6833,78.8,29,1,11.5"
"206,Wencheng,CN,2021-04-18 00:15:25,33.0559,113.7978,55.38,51,89,5.26"
"207,Esperance,AU,2021-04-18 00:12:54,-33.8667,121.9,55.4,82,0,10.36"
"208,Ulladulla,AU,2021-04-18 00:14:23,-35.35,150.4667,59.0,82,90,6.91"
"209,Baykit,RU,2021-04-18 00:13:09,61.67,96.37,17.65,92,100,5.68"
"210,Reconquista,AR,2021-04-18 00:15:26,-29.15,-59.65,69.64,84,25,7.18"
"211,Aklavik,CA,2021-04-18 00:12:47,68.2191,-135.0107,48.2,31,20,6.91"
"212,Vezirkopru,TR,2021-04-18 00:15:26,41.1436,35.4547,48.2,87,0,4.61"
"213,Bagdarin,RU,2021-04-18 00:15:27,54.4333,113.6,36.52,38,100,9.95"
"214,Adrar,MR,2021-04-18 00:14:05,20.5022,-10.0711,73.42,20,0,10.78"
"215,Hilo,US,2021-04-18 00:12:26,19.7297,-155.09,80.6,54,1,8.05"
"216,Katsuura,JP,2021-04-18 00:14:53,35.1333,140.3,64.99,45,20,27.63"
"217,Ixtapa,MX,2021-04-18 00:13:17,20.7,-105.2,79.0,65,1,17.27"
"218,Moron,AR,2021-04-18 00:11:32,-34.6534,-58.6198,72.0,89,100,1.99"
"219,Lavrentiya,RU,2021-04-18 00:14:07,65.5833,-171.0,31.96,86,77,9.86"
"220,Batagay-Alyta,RU,2021-04-18 00:14:54,67.8006,130.4114,18.9,91,100,3.06"
"221,Faya,SA,2021-04-18 00:14:25,18.3851,42.4509,57.2,82,20,9.22"
"222,Jaisalmer,IN,2021-04-18 00:15:28,26.9147,70.9181,79.7,37,0,7.58"
"223,Glenwood Springs,US,2021-04-18 00:10:45,39.5505,-107.3248,53.6,63,82,12.37"
"224,Takaka,NZ,2021-04-18 00:15:28,-40.85,172.8,64.0,71,8,4.0"
"225,Abu Zabad,SD,2021-04-18 00:15:28,12.35,29.25,78.33,7,18,9.71"
"226,Tiksi,RU,2021-04-18 00:12:54,71.6872,128.8694,6.96,86,100,11.61"
"227,Grootfontein,NA,2021-04-18 00:15:29,-19.5667,18.1167,59.0,67,80,3.44"
"228,Port-Gentil,GA,2021-04-18 00:15:01,-0.7193,8.7815,77.0,83,90,4.61"
"229,Sur,OM,2021-04-18 00:12:36,22.5667,59.5289,81.43,57,61,3.51"
"230,Sept-Iles,CA,2021-04-18 00:15:29,50.2001,-66.3821,33.8,80,20,6.91"
"231,Deputatskiy,RU,2021-04-18 00:15:30,69.3,139.9,16.86,71,100,19.73"
"232,Balkanabat,TM,2021-04-18 00:15:30,39.5108,54.3671,69.31,34,3,4.92"
"233,Outlook,CA,2021-04-18 00:15:30,51.5001,-107.0513,64.99,14,91,19.57"
"234,Pitimbu,BR,2021-04-18 00:15:30,-7.4706,-34.8086,73.4,100,0,5.75"
"235,Marang,MY,2021-04-18 00:15:31,5.2056,103.2059,77.0,94,20,2.3"
"236,Tiznit,MA,2021-04-18 00:15:31,29.5833,-9.5,61.43,67,0,3.18"
"237,Penzance,GB,2021-04-18 00:15:31,50.1186,-5.5371,46.0,87,100,5.75"
"238,Kinablangan,PH,2021-04-18 00:15:32,7.6947,126.5503,82.58,71,100,1.14"
"239,Barstow,US,2021-04-18 00:12:45,34.8986,-117.0228,75.2,11,1,14.97"
"240,Pedernales,DO,2021-04-18 00:15:32,18.0384,-71.744,80.2,76,12,11.07"
"241,Iqaluit,CA,2021-04-18 00:14:27,63.7506,-68.5145,14.0,79,40,3.44"
"242,Castro,BR,2021-04-18 00:13:08,-24.7911,-50.0119,58.86,93,66,2.84"
"243,Garden City,US,2021-04-18 00:15:33,42.3256,-83.331,54.0,50,75,3.44"
"244,Puerto Escondido,MX,2021-04-18 00:15:33,15.85,-97.0667,82.4,78,20,11.5"
"245,Brae,GB,2021-04-18 00:15:27,60.3964,-1.353,42.8,75,2,20.71"
"246,Erdenet,MN,2021-04-18 00:15:33,49.0333,104.0833,36.66,61,23,6.33"
"247,Mount Isa,AU,2021-04-18 00:14:09,-20.7333,139.5,73.4,33,2,12.66"
"248,Broken Hill,AU,2021-04-18 00:15:34,-31.95,141.4333,59.0,58,0,12.66"
"249,Kuldur,RU,2021-04-18 00:15:34,49.2167,131.6333,45.91,64,68,3.24"
"250,Felanitx,ES,2021-04-18 00:15:34,39.4696,3.1483,44.01,93,20,1.14"
"251,Morondava,MG,2021-04-18 00:13:54,-20.2833,44.2833,69.66,50,0,12.55"
"252,Lagoa,PT,2021-04-18 00:13:32,39.05,-27.9833,60.91,91,36,18.43"
"253,Lompoc,US,2021-04-18 00:12:37,34.6391,-120.4579,57.99,72,1,12.66"
"254,Saint Austell,GB,2021-04-18 00:15:35,50.3383,-4.7658,46.0,70,100,3.44"
"255,Peniche,PT,2021-04-18 00:15:00,39.3558,-9.3811,57.0,91,100,4.45"
"256,Ayan,RU,2021-04-18 00:13:57,56.45,138.1667,25.72,90,97,4.18"
"257,Alpena,US,2021-04-18 00:15:35,45.0617,-83.4327,48.2,66,75,1.28"
"258,Quatre Cocos,MU,2021-04-18 00:14:52,-20.2078,57.7625,77.0,94,75,5.75"
"259,Marzuq,YE,2021-04-18 00:15:36,14.4,46.4667,67.59,44,0,3.4"
"260,Varangaon,IN,2021-04-18 00:15:36,21.0167,75.9,84.76,23,3,3.27"
"261,Gazli,UZ,2021-04-18 00:15:36,40.1333,63.45,62.28,48,24,6.38"
"262,Jardim,BR,2021-04-18 00:15:37,-21.4803,-56.1381,78.06,57,43,2.51"
"263,Xining,CN,2021-04-18 00:15:24,36.6167,101.7667,42.12,42,0,2.64"
"264,Ancud,CL,2021-04-18 00:12:25,-41.8697,-73.8203,53.6,94,100,9.22"
"265,Zhezkazgan,KZ,2021-04-18 00:14:16,47.8043,67.7144,55.09,39,93,6.55"
"266,Zima,RU,2021-04-18 00:15:37,53.9202,102.0442,24.19,59,65,5.91"
"267,Coruripe,BR,2021-04-18 00:15:37,-10.1256,-36.1756,76.77,82,57,6.46"
"268,Vale Da Amoreira,PT,2021-04-18 00:15:38,39.0697,-7.6985,55.99,65,47,1.19"
"269,Provideniya,RU,2021-04-18 00:12:51,64.3833,-173.3,31.89,90,79,6.02"
"270,Adeje,ES,2021-04-18 00:15:38,28.1227,-16.726,68.0,72,20,12.66"
"271,Samana,DO,2021-04-18 00:14:08,19.2056,-69.3369,82.4,74,40,5.75"
"272,Gamboma,CG,2021-04-18 00:13:31,-1.8764,15.8644,73.22,89,98,1.88"
"273,Dong Xoai,VN,2021-04-18 00:15:39,11.5333,106.9167,76.64,83,39,4.54"
"274,Sitka,US,2021-04-18 00:15:23,57.0531,-135.33,53.6,62,75,1.61"
"275,Fishers,US,2021-04-18 00:11:02,39.9556,-86.0139,55.99,62,40,9.22"
"276,Krumovgrad,BG,2021-04-18 00:15:39,41.4667,25.65,45.48,89,62,3.62"
"277,Morant Bay,JM,2021-04-18 00:15:39,17.8815,-76.4093,82.4,69,20,23.02"
"278,Padang,ID,2021-04-18 00:13:01,-0.9492,100.3543,71.6,94,20,2.3"
"279,Baft,IR,2021-04-18 00:15:40,29.234,56.6057,58.12,32,100,5.75"
"280,Singaparna,ID,2021-04-18 00:13:43,-7.3515,108.111,72.99,83,69,1.03"
"281,Nyanza,RW,2021-04-18 00:15:40,-2.3519,29.7509,56.93,94,95,1.59"
"282,Oktyabrskoye,RU,2021-04-18 00:15:40,43.0645,44.7417,50.0,93,100,4.47"
"283,Gairo,IT,2021-04-18 00:15:41,39.8497,9.5047,51.8,58,40,13.8"
"284,Axim,GH,2021-04-18 00:15:03,4.8699,-2.2405,80.6,81,61,7.63"
"285,Finschhafen,PG,2021-04-18 00:15:41,-6.6024,147.8681,83.88,70,94,0.78"
"286,Rocha,UY,2021-04-18 00:12:30,-34.4833,-54.3333,59.14,94,13,3.78"
"287,Bilibino,RU,2021-04-18 00:15:42,68.0546,166.4372,21.52,74,23,4.79"
"288,Kodiak,US,2021-04-18 00:12:04,57.79,-152.4072,42.8,81,90,4.61"
"289,Iquique,CL,2021-04-18 00:15:42,-20.2208,-70.1431,66.2,77,0,9.22"
"290,Malanje,AO,2021-04-18 00:15:42,-9.5402,16.341,63.64,95,88,3.04"
"291,Paamiut,GL,2021-04-18 00:12:35,61.994,-49.6678,14.58,64,5,8.32"
"292,Marsh Harbour,BS,2021-04-18 00:14:34,26.5412,-77.0636,77.94,74,9,9.86"
"293,Dezful,IR,2021-04-18 00:15:43,32.3811,48.4058,76.21,16,100,3.09"
"294,Redlands,US,2021-04-18 00:15:17,34.0556,-117.1825,82.4,18,40,6.91"
"295,Lebu,CL,2021-04-18 00:12:27,-37.6167,-73.65,55.27,91,85,1.54"
"296,Bangkalan,ID,2021-04-18 00:15:43,-7.0455,112.7351,80.6,78,20,4.61"
"297,Dzilam Gonzalez,MX,2021-04-18 00:15:45,21.2833,-88.9333,86.77,56,24,6.38"
"298,Airai,TL,2021-04-18 00:13:01,-8.9266,125.4092,67.28,65,87,3.4"
"299,Chifeng,CN,2021-04-18 00:15:20,42.2683,118.9636,48.79,20,0,7.83"
"300,Hasaki,JP,2021-04-18 00:12:28,35.7333,140.8333,66.2,37,20,18.41"
"301,Margate,GB,2021-04-18 00:15:09,51.3813,1.3862,41.0,73,97,10.6"
"302,Kanniyakumari,IN,2021-04-18 00:15:45,8.0833,77.5667,82.24,79,97,9.22"
"303,Nuuk,GL,2021-04-18 00:15:01,64.1835,-51.7216,14.0,52,20,12.66"
"304,Grand-Lahou,CI,2021-04-18 00:15:46,5.1367,-5.0242,79.07,82,83,5.68"
"305,Lagos,NG,2021-04-18 00:15:46,6.5833,3.75,82.4,89,20,3.69"
"306,Opuwo,NA,2021-04-18 00:15:46,-18.0607,13.84,70.18,53,95,4.72"
"307,Aksu,CN,2021-04-18 00:12:34,41.1231,80.2644,56.32,29,44,4.43"
"308,Eureka,US,2021-04-18 00:15:29,40.8021,-124.1637,55.0,93,90,5.75"
"309,Nuevo Imperial,PE,2021-04-18 00:15:47,-13.0754,-76.3172,69.82,79,39,4.59"
"310,Rawson,AR,2021-04-18 00:15:47,-43.3002,-65.1023,61.83,62,100,19.8"
"311,San Ramon,US,2021-04-18 00:12:05,37.7799,-121.978,82.4,9,1,5.75"
"312,Peterhead,GB,2021-04-18 00:15:47,57.5058,-1.7981,39.99,93,6,6.91"
"313,Kosh-Agach,RU,2021-04-18 00:15:48,50.0,88.6667,28.2,69,6,1.25"
"314,Abu Samrah,SY,2021-04-18 00:15:48,35.3029,37.1841,66.99,42,81,1.25"
"315,Kautokeino,NO,2021-04-18 00:15:48,69.0125,23.0412,21.54,99,84,3.47"
"316,Milkovo,RU,2021-04-18 00:15:49,54.7167,158.6167,37.18,71,53,3.51"
"317,Yar-Sale,RU,2021-04-18 00:14:45,66.8333,70.8333,-9.13,98,41,9.66"
"318,Ciudad Guayana,VE,2021-04-18 00:15:49,8.3533,-62.6528,81.43,59,59,10.16"
"319,Hobyo,SO,2021-04-18 00:13:29,5.3505,48.5268,82.78,68,43,10.56"
"320,Northam,GB,2021-04-18 00:15:49,51.0333,-4.2167,39.99,75,100,1.01"
"321,Clarence Town,AU,2021-04-18 00:15:50,-32.5833,151.7833,61.0,94,75,13.8"
"322,Borjomi,GE,2021-04-18 00:15:50,41.8527,43.4128,52.32,88,88,4.43"
"323,Trincomalee,LK,2021-04-18 00:15:50,8.5711,81.2335,79.45,80,94,5.79"
"324,Sao Felix Do Xingu,BR,2021-04-18 00:15:51,-6.6447,-51.995,71.37,97,93,0.96"
"325,Kirakira,SB,2021-04-18 00:12:24,-10.4544,161.9205,84.81,72,93,10.02"
"326,Bathsheba,BB,2021-04-18 00:13:49,13.2167,-59.5167,80.6,61,40,18.41"
"327,Maiduguri,NG,2021-04-18 00:15:51,11.8464,13.1603,85.41,9,99,6.8"
"328,Swan River,CA,2021-04-18 00:15:51,52.1058,-101.2676,57.2,24,99,4.61"
"329,Sangar,RU,2021-04-18 00:15:52,63.9242,127.4739,16.09,87,96,9.08"
"330,Tilichiki,RU,2021-04-18 00:10:21,60.4667,166.1,28.33,76,67,9.82"
"331,Fort Frances,CA,2021-04-18 00:14:55,48.5999,-93.4003,53.6,28,1,10.36"
"332,North Bend,US,2021-04-18 00:15:52,43.4065,-124.2243,73.0,93,90,9.22"
"333,Auki,SB,2021-04-18 00:15:52,-8.7676,160.7034,85.01,68,85,1.7"
"334,Cayenne,GF,2021-04-18 00:12:18,4.9333,-52.3333,81.0,78,75,9.22"
"335,Porbandar,IN,2021-04-18 00:15:53,21.6422,69.6093,78.37,83,2,8.75"
"336,Apricena,IT,2021-04-18 00:15:53,41.7839,15.4437,42.8,70,0,8.05"
"337,Bonthe,SL,2021-04-18 00:15:53,7.5264,-12.505,78.82,82,100,1.32"
"338,Beringovskiy,RU,2021-04-18 00:13:37,63.05,179.3167,32.72,98,100,12.08"
"339,Codrington,AU,2021-04-18 00:10:10,-38.2667,141.9667,60.78,75,51,10.11"
"340,Comodoro Rivadavia,AR,2021-04-18 00:14:23,-45.8667,-67.5,59.0,72,0,5.86"
"341,Kibuye,RW,2021-04-18 00:15:54,-2.0597,29.3482,65.52,85,100,5.19"
"342,De Aar,ZA,2021-04-18 00:15:54,-30.6497,24.0123,60.46,24,22,4.21"
"343,Abu Dhabi,AE,2021-04-18 00:11:34,24.4667,54.3667,73.4,78,0,2.3"
"344,Porto Nacional,BR,2021-04-18 00:15:55,-10.7081,-48.4172,77.0,100,40,2.3"
"345,Santa Isabel,BR,2021-04-18 00:15:55,-23.3156,-46.2214,69.8,88,75,5.75"
"346,Meadow Lake,US,2021-04-18 00:15:44,34.8014,-106.5436,53.01,37,90,7.07"
"347,Terra Santa,BR,2021-04-18 00:15:55,-2.1042,-56.4869,78.19,80,79,0.16"
"348,Champerico,GT,2021-04-18 00:15:38,14.3,-91.9167,86.0,66,75,9.22"
"349,Mawlaik,MM,2021-04-18 00:15:56,23.6333,94.4167,69.04,80,4,1.03"
"350,Naze,JP,2021-04-18 00:12:53,28.3667,129.4833,62.6,55,75,10.36"
"351,Polovinnoye,RU,2021-04-18 00:14:55,54.7914,65.9864,39.15,80,17,7.76"
"352,Venado Tuerto,AR,2021-04-18 00:15:56,-33.7456,-61.9688,70.0,46,20,7.2"
"353,Necochea,AR,2021-04-18 00:11:11,-38.5473,-58.7368,66.0,92,55,8.61"
"354,Ambovombe,MG,2021-04-18 00:15:57,-25.1667,46.0833,64.92,57,75,10.27"
"355,Broome,US,2021-04-18 00:15:57,42.2506,-75.833,44.01,75,90,8.05"
"356,Totana,ES,2021-04-18 00:15:57,37.7688,-1.5023,55.99,79,35,5.99"
"357,Gamba,GA,2021-04-18 00:15:58,-2.65,10.0,78.85,89,96,5.12"
"358,Jalu,LY,2021-04-18 00:13:24,29.0331,21.5482,82.69,13,76,10.27"
"359,Namatanai,PG,2021-04-18 00:13:35,-3.6667,152.4333,83.97,72,93,14.54"
"360,San Cristobal,VE,2021-04-18 00:12:20,7.7669,-72.225,84.2,51,40,9.22"
"361,Moerai,PF,2021-04-18 00:15:04,-22.4333,-151.3333,78.89,73,14,4.27"
"362,Pyaozerskiy,RU,2021-04-18 00:15:58,65.8333,31.1667,28.06,97,10,1.57"
"363,Boa Vista,BR,2021-04-18 00:15:59,2.8197,-60.6733,84.2,61,20,5.75"
"364,Luangwa,ZM,2021-04-18 00:15:59,-15.6167,30.4167,68.31,70,82,7.16"
"365,Strezhevoy,RU,2021-04-18 00:15:03,60.7333,77.5889,8.6,78,0,8.95"
"366,Otukpo,NG,2021-04-18 00:15:59,7.1913,8.1329,78.73,80,99,0.92"
"367,Oranjemund,NA,2021-04-18 00:13:27,-28.55,16.4333,74.5,40,26,7.83"
"368,Punta Alta,AR,2021-04-18 00:16:00,-38.8759,-62.0736,68.56,80,81,8.34"
"369,Aykhal,RU,2021-04-18 00:14:59,66.0,111.5,1.02,95,100,18.5"
"370,Korla,CN,2021-04-18 00:14:45,41.7597,86.1469,60.26,26,96,11.03"
"371,Kirkuk,IQ,2021-04-18 00:14:36,35.4681,44.3922,67.51,34,6,7.0"
"372,Portland,US,2021-04-18 00:14:50,45.5234,-122.6762,84.2,13,1,6.91"
"373,Isangel,VU,2021-04-18 00:10:58,-19.55,169.2667,82.4,78,75,8.05"
"374,Springdale,US,2021-04-18 00:16:01,36.1867,-94.1288,50.0,76,75,6.91"
"375,Ferme-Neuve,CA,2021-04-18 00:16:01,46.7001,-75.4493,50.0,66,100,2.3"
"376,Biak,ID,2021-04-18 00:16:01,-0.9131,122.8766,80.19,69,78,3.78"
"377,Morgan City,US,2021-04-18 00:16:01,29.6994,-91.2068,61.0,94,90,10.36"
"378,Zyryanka,RU,2021-04-18 00:16:02,65.75,150.85,33.39,77,100,15.05"
"379,Vostok,RU,2021-04-18 00:16:02,46.4856,135.8833,44.02,44,30,4.92"
"380,Fort Nelson,CA,2021-04-18 00:13:39,58.8053,-122.7002,41.0,87,90,6.91"
"381,Dharmavaram,IN,2021-04-18 00:16:03,14.4333,77.7167,82.76,57,12,5.75"
"382,Svetlogorsk,BY,2021-04-18 00:15:02,52.6333,29.7333,45.9,94,100,10.56"
"383,Port Shepstone,ZA,2021-04-18 00:16:04,-30.7414,30.455,62.01,80,18,13.89"
"384,Togur,RU,2021-04-18 00:16:04,58.3631,82.8265,31.24,92,100,13.56"
"385,Athmallik,IN,2021-04-18 00:16:04,20.7219,84.5348,77.5,74,15,4.16"
"386,Pevek,RU,2021-04-18 00:12:58,69.7008,170.3133,24.37,88,71,15.43"
"387,Puerto Madryn,AR,2021-04-18 00:16:06,-42.7692,-65.0385,60.53,72,83,15.66"
"388,Russell,US,2021-04-18 00:13:03,32.3502,-85.1999,69.8,72,40,5.19"
"389,Galle,LK,2021-04-18 00:13:42,6.0367,80.217,76.77,89,100,2.17"
"390,Farkhor,TJ,2021-04-18 00:16:06,37.4922,69.4036,59.0,67,75,2.24"
"391,Alibag,IN,2021-04-18 00:16:07,18.6411,72.8792,82.4,89,0,4.61"
"392,Dubrovytsya,UA,2021-04-18 00:16:07,51.5744,26.565,38.68,96,22,5.79"
"393,Teya,RU,2021-04-18 00:16:07,60.3778,92.6267,21.07,84,100,10.27"
"394,Tibiri,NE,2021-04-18 00:14:05,13.5627,7.0485,80.65,8,56,1.5"
"395,Eyl,SO,2021-04-18 00:13:27,7.9803,49.8164,81.55,67,37,10.89"
"396,Boguchany,RU,2021-04-18 00:16:08,58.3814,97.4531,19.09,80,34,4.9"
"397,Hailar,CN,2021-04-18 00:16:08,49.2,119.7,34.86,65,2,10.04"
"398,Inegol,TR,2021-04-18 00:16:08,40.0781,29.5133,50.0,93,100,3.44"
"399,Turochak,RU,2021-04-18 00:16:08,52.2576,87.1224,32.61,95,95,1.86"
"400,Baganga,PH,2021-04-18 00:16:09,7.5739,126.56,83.84,68,100,0.38"
"401,Buraydah,SA,2021-04-18 00:15:35,26.326,43.975,68.0,52,0,6.91"
"402,Kenai,US,2021-04-18 00:13:10,60.5544,-151.2583,53.6,40,1,11.5"
"403,Pangoa,PE,2021-04-18 00:15:15,-12.1167,-73.0,70.09,98,90,0.96"
"404,Bengkulu,ID,2021-04-18 00:12:56,-3.8004,102.2655,75.65,85,100,1.32"
"405,Mountain Home,US,2021-04-18 00:14:59,43.133,-115.6912,64.4,12,1,7.38"
"406,Vasai,IN,2021-04-18 00:16:10,19.47,72.8,82.4,89,0,4.61"
"407,Kalmunai,LK,2021-04-18 00:15:52,7.4167,81.8167,77.61,85,79,5.95"
"408,Maldonado,UY,2021-04-18 00:14:59,-34.6667,-54.9167,64.4,94,20,5.75"
"409,Paysandu,UY,2021-04-18 00:16:10,-32.3214,-58.0756,66.0,89,86,1.99"
"410,Souillac,MU,2021-04-18 00:13:03,-20.5167,57.5167,75.2,94,75,5.75"
"411,Taoudenni,ML,2021-04-18 00:16:11,22.6783,-3.9836,83.1,15,0,9.93"
"412,Solnechnyy,RU,2021-04-18 00:14:40,50.7214,136.6319,43.83,71,22,2.68"
"413,Ostrovnoy,RU,2021-04-18 00:12:48,68.0531,39.5131,29.08,83,96,6.35"
"414,Cap Malheureux,MU,2021-04-18 00:15:26,-19.9842,57.6142,77.0,89,39,3.0"
"415,Sorland,NO,2021-04-18 00:16:04,67.667,12.6934,41.63,73,61,11.61"
"416,Tauranga,NZ,2021-04-18 00:16:11,-37.6861,176.1667,64.0,64,49,4.0"
"417,Cabo San Lucas,MX,2021-04-18 00:14:40,22.8909,-109.9124,82.0,34,1,4.61"
"418,Jinchang,CN,2021-04-18 00:12:44,38.4953,102.1739,51.69,20,26,2.37"
"419,Acapulco,MX,2021-04-18 00:14:15,16.8634,-99.8901,82.4,69,40,12.57"
"420,Bowling Green,US,2021-04-18 00:15:39,36.9903,-86.4436,57.2,58,90,3.44"
"421,Dunedin,NZ,2021-04-18 00:14:31,-45.8742,170.5036,56.26,56,99,4.72"
"422,Vina Del Mar,CL,2021-04-18 00:16:12,-33.0246,-71.5518,57.2,88,90,5.75"
"423,Satipo,PE,2021-04-18 00:16:12,-11.2522,-74.6386,71.62,94,80,1.81"
"424,Kudahuvadhoo,MV,2021-04-18 00:13:20,2.6708,72.8944,82.38,68,25,9.04"
"425,San Quintin,MX,2021-04-18 00:14:18,30.4833,-115.95,61.74,68,0,14.47"
"426,Kindersley,CA,2021-04-18 00:16:13,51.4668,-109.1682,62.6,19,20,23.02"
"427,Tura,IN,2021-04-18 00:16:13,25.5198,90.2201,66.36,88,6,3.76"
"428,Majene,ID,2021-04-18 00:16:05,-3.5403,118.9707,80.98,77,55,3.62"
"429,Orange,US,2021-04-18 00:14:47,33.7,-117.7675,72.0,59,20,8.05"
"430,Vila Velha,BR,2021-04-18 00:15:14,-20.3297,-40.2925,77.0,94,75,4.61"
"431,Sompeta,IN,2021-04-18 00:16:14,18.9333,84.6,78.12,87,0,10.33"
"432,Port-Cartier,CA,2021-04-18 00:12:39,50.0334,-66.8654,33.8,75,20,9.22"
"433,Ambilobe,MG,2021-04-18 00:14:55,-13.2,49.05,72.63,96,56,3.69"
"434,Dehloran,IR,2021-04-18 00:16:15,32.6941,47.2679,79.02,20,90,5.64"
"435,Wanning,CN,2021-04-18 00:16:15,18.8003,110.3967,78.21,83,58,5.44"
"436,Te Anau,NZ,2021-04-18 00:13:43,-45.4167,167.7167,53.35,90,99,5.64"
"437,Sisimiut,GL,2021-04-18 00:14:06,66.9395,-53.6735,17.46,73,99,9.37"
"438,Flinders,AU,2021-04-18 00:16:15,-34.5833,150.8552,66.99,70,10,3.0"
"439,Port Hedland,AU,2021-04-18 00:14:32,-20.3167,118.5667,82.4,26,40,17.27"
"440,Progreso,MX,2021-04-18 00:16:16,21.2833,-89.6667,91.4,52,40,9.22"
"441,Guerrero Negro,MX,2021-04-18 00:15:46,27.9769,-114.0611,63.75,64,1,20.45"
"442,Kailua,US,2021-04-18 00:16:16,21.4022,-157.7394,82.4,61,40,11.5"
"443,Cairns,AU,2021-04-18 00:14:28,-16.9167,145.7667,84.0,69,90,12.66"
"444,Praia,CV,2021-04-18 00:14:48,14.9215,-23.5087,69.8,78,20,20.71"
"445,Burns Lake,CA,2021-04-18 00:16:17,54.2331,-125.7533,73.4,18,13,4.61"
"446,Derzhavinsk,KZ,2021-04-18 00:16:17,51.1,66.3167,46.89,78,37,5.41"
"447,Suntar,RU,2021-04-18 00:14:14,62.1444,117.6319,14.79,78,100,12.55"
"448,Mpika,ZM,2021-04-18 00:16:17,-11.8343,31.4529,56.46,95,52,11.95"
"449,Benghazi,LY,2021-04-18 00:16:18,32.1167,20.0667,67.17,72,100,13.49"
"450,Guisijan,PH,2021-04-18 00:16:18,11.0932,122.0461,80.67,74,100,10.27"
"451,Morag,PL,2021-04-18 00:16:18,53.9171,19.926,43.0,91,74,6.26"
"452,Behshahr,IR,2021-04-18 00:16:18,36.6923,53.5526,61.57,53,61,3.44"
"453,Magadan,RU,2021-04-18 00:13:04,59.5667,150.8,28.8,88,100,6.4"
"454,Hamilton,US,2021-04-18 00:10:30,39.1834,-84.5333,53.01,71,40,4.61"
"455,Saint-Augustin,CA,2021-04-18 00:16:19,51.226,-58.6502,33.04,76,6,14.29"
"456,Narasannapeta,IN,2021-04-18 00:16:19,18.4167,84.05,78.19,87,2,5.48"
"457,Colombo,LK,2021-04-18 00:16:20,6.9319,79.8478,78.8,89,20,6.91"
"458,Greenwood,US,2021-04-18 00:15:38,34.1668,-82.1165,64.4,45,40,3.44"
"459,Karakol,KG,2021-04-18 00:16:20,42.4907,78.3936,42.69,52,89,4.09"
"460,Kokkola,FI,2021-04-18 00:16:20,63.8385,23.1307,37.0,93,0,1.14"
"461,Kambove,CD,2021-04-18 00:16:21,-10.8764,26.5969,60.44,79,90,6.26"
"462,Meulaboh,ID,2021-04-18 00:13:04,4.1363,96.1285,76.64,86,97,3.71"
"463,Tucurui,BR,2021-04-18 00:16:21,-3.7661,-49.6725,74.3,94,83,1.45"
"464,Iracoubo,GF,2021-04-18 00:12:20,5.4802,-53.2011,78.58,78,95,15.19"
"465,Port Blair,IN,2021-04-18 00:15:06,11.6667,92.75,80.64,75,45,4.47"
"466,Jiuquan,CN,2021-04-18 00:16:22,39.7432,98.5174,52.36,16,99,0.56"
"467,Kongolo,CD,2021-04-18 00:16:22,-5.3833,27.0,69.19,94,83,3.36"
"468,Xinyu,CN,2021-04-18 00:16:22,27.8043,114.9334,60.35,72,100,5.97"
"469,Panaba,MX,2021-04-18 00:16:23,21.2833,-88.2667,89.49,47,10,18.54"
"470,Havoysund,NO,2021-04-18 00:16:23,70.9963,24.6622,35.6,87,30,2.3"
"471,Scarborough,GB,2021-04-18 00:13:53,54.2797,-0.4044,39.0,78,100,4.05"
"472,Crixas,BR,2021-04-18 00:16:23,-14.5489,-49.9692,77.2,66,77,2.39"
"473,Port Said,EG,2021-04-18 00:16:24,31.2565,32.2841,66.2,88,0,11.5"
"474,Novopskov,UA,2021-04-18 00:16:24,49.5464,39.0899,49.19,53,99,5.06"
"475,Turukhansk,RU,2021-04-18 00:16:24,65.8167,87.9833,2.21,91,100,8.48"
"476,Novyy Starodub,UA,2021-04-18 00:16:24,48.5158,33.1733,42.01,81,0,1.81"
"477,Talcahuano,CL,2021-04-18 00:16:25,-36.7167,-73.1167,57.2,82,90,5.75"
"478,Port Augusta,AU,2021-04-18 00:16:25,-32.5,137.7667,63.0,67,90,6.91"
"479,Bambanglipuro,ID,2021-04-18 00:14:55,-7.95,110.2833,77.14,85,83,3.42"
"480,Harrisburg,US,2021-04-18 00:13:13,40.2737,-76.8844,51.8,54,1,10.36"
"481,San Pedro,PH,2021-04-18 00:16:26,14.35,121.0167,87.01,62,40,5.75"
"482,Dongli,CN,2021-04-18 00:16:26,23.5656,116.8194,73.4,40,0,6.71"
"483,Leshukonskoye,RU,2021-04-18 00:15:58,64.8989,45.7622,24.82,78,25,6.26"
"484,Cabedelo,BR,2021-04-18 00:15:03,-6.9811,-34.8339,73.4,100,0,5.75"
"485,Sanmenxia,CN,2021-04-18 00:16:26,34.7747,111.1814,58.15,34,100,8.3"
"486,Tanout,NE,2021-04-18 00:16:27,14.9709,8.8879,83.35,7,99,7.56"
"487,Vanimo,PG,2021-04-18 00:15:51,-2.6741,141.3028,82.74,70,99,4.81"
"488,Fuerte Olimpo,PY,2021-04-18 00:16:27,-21.0415,-57.8738,78.98,54,34,2.66"
"489,Olkusz,PL,2021-04-18 00:16:27,50.2813,19.565,39.99,99,100,1.95"
"490,Ekibastuz,KZ,2021-04-18 00:16:28,51.6667,75.3667,42.37,47,35,8.43"
"491,Rio Grande,BR,2021-04-18 00:11:47,-32.035,-52.0986,68.0,95,11,11.07"
"492,Golden,US,2021-04-18 00:16:18,39.7555,-105.2211,45.0,36,40,6.91"
"493,Ciudad Bolivar,VE,2021-04-18 00:16:28,8.1222,-63.5497,86.88,47,80,16.93"
"494,Storforshei,NO,2021-04-18 00:16:28,66.4043,14.5233,29.26,81,28,4.25"
"495,Itarema,BR,2021-04-18 00:16:29,-2.9248,-39.9167,78.55,83,10,11.12"
"496,Camana,PE,2021-04-18 00:16:29,-16.6228,-72.7111,68.74,80,31,6.71"
"497,Wundanyi,KE,2021-04-18 00:16:29,-3.4019,38.364,60.42,90,71,4.94"
"498,Barentu,ER,2021-04-18 00:16:30,15.1139,37.5928,76.23,39,45,10.92"
"499,Regeneracao,BR,2021-04-18 00:16:30,-6.2378,-42.6883,74.05,88,96,2.53"
"500,Saint-Pierre,RE,2021-04-18 00:16:30,-21.3393,55.4781,71.6,94,90,8.05"
"501,Kosonsoy,UZ,2021-04-18 00:16:31,41.2561,71.5508,55.4,58,100,2.3"
"502,Moose Factory,CA,2021-04-18 00:14:58,51.2585,-80.6094,30.2,86,20,5.75"
"503,Tobol,KZ,2021-04-18 00:16:31,52.6844,62.5794,47.59,76,7,2.59"
"504,Pangnirtung,CA,2021-04-18 00:15:07,66.1451,-65.7125,0.1,93,73,6.78"
"505,Lexington Park,US,2021-04-18 00:16:32,38.2668,-76.4538,57.2,67,75,4.61"
"506,Turbat,PK,2021-04-18 00:16:32,26.0023,63.044,79.02,50,61,3.6"
"507,Ngaoundere,CM,2021-04-18 00:16:32,7.3167,13.5833,68.79,80,96,3.71"
"508,Yulara,AU,2021-04-18 00:14:51,-25.2406,130.9889,60.8,44,0,13.8"
"509,Tezu,IN,2021-04-18 00:16:33,27.9167,96.1667,70.02,65,82,2.06"
"510,Karaton,ID,2021-04-18 00:11:08,-6.3424,106.1045,81.0,83,40,4.61"
"511,San Giovanni Rotondo,IT,2021-04-18 00:16:33,41.7049,15.7191,42.8,70,0,8.05"
"512,Marrakesh,MA,2021-04-18 00:15:19,31.6315,-8.0083,62.6,67,0,4.61"
"513,Half Moon Bay,US,2021-04-18 00:12:48,37.4636,-122.4286,73.4,87,90,13.8"
"514,Flagstaff,US,2021-04-18 00:15:47,35.1981,-111.6513,48.0,52,90,8.05"
"515,Erdaojiang,CN,2021-04-18 00:16:34,41.7764,126.0319,43.03,62,8,2.37"
"516,Kyshtovka,RU,2021-04-18 00:13:44,56.555,76.6271,33.08,90,100,6.17"
"517,Mayumba,GA,2021-04-18 00:15:30,-3.432,10.6554,79.54,88,63,5.66"
"518,Middletown,US,2021-04-18 00:16:34,39.5151,-84.3983,54.0,71,1,9.22"
"519,Coquimbo,CL,2021-04-18 00:14:04,-29.9533,-71.3436,59.0,82,75,3.44"
"520,Tavistock,GB,2021-04-18 00:16:36,50.5494,-4.1442,42.01,91,99,1.79"
"521,Sao Jose Da Coroa Grande,BR,2021-04-18 00:16:37,-8.8978,-35.1478,76.69,86,87,5.75"
"522,Sabha,LY,2021-04-18 00:16:37,27.0377,14.4283,80.94,21,100,12.95"
"523,Butler,US,2021-04-18 00:16:37,39.4501,-84.5666,53.6,66,1,5.06"
"524,Nicolas Bravo,MX,2021-04-18 00:16:38,18.45,-88.9167,84.2,79,40,11.5"
"525,Larsnes,NO,2021-04-18 00:16:38,62.2028,5.5773,45.0,57,0,3.0"
"526,Palmer,US,2021-04-18 00:14:48,42.1584,-72.3287,43.0,77,100,2.37"
"527,Kearney,US,2021-04-18 00:12:59,40.6995,-99.0815,46.4,71,90,11.5"
"528,Akita,JP,2021-04-18 00:14:09,39.7167,140.1167,48.2,87,75,6.91"
"529,Jacqueville,CI,2021-04-18 00:16:39,5.2052,-4.4146,78.8,89,20,1.14"
"530,Stellenbosch,ZA,2021-04-18 00:16:39,-33.9346,18.8668,69.01,77,0,4.61"
"531,Livramento,BR,2021-04-18 00:16:39,-3.0254,-60.1803,78.8,94,75,3.44"
"532,Bodden Town,KY,2021-04-18 00:16:40,19.2833,-81.25,82.4,74,20,10.36"
"533,Aguas Formosas,BR,2021-04-18 00:16:40,-17.0822,-40.9358,72.25,70,50,0.67"
"534,Mezen,RU,2021-04-18 00:16:40,65.8522,44.24,24.39,86,20,4.36"
"535,Bilgoraj,PL,2021-04-18 00:16:41,50.5411,22.722,41.0,97,76,1.57"
"536,Qasigiannguit,GL,2021-04-18 00:16:41,68.8193,-51.1922,8.6,66,90,16.11"
"537,Afua,BR,2021-04-18 00:16:42,-0.1567,-50.3867,75.38,94,92,4.79"
"538,Ambon,ID,2021-04-18 00:14:07,-3.6954,128.1814,84.2,74,40,3.44"
"539,San Patricio,US,2021-04-18 00:13:53,28.017,-97.5169,63.0,67,90,16.11"
"540,Arak,IR,2021-04-18 00:16:42,34.0917,49.6892,55.42,37,97,1.28"
"541,Shakawe,BW,2021-04-18 00:16:43,-18.3667,21.85,60.84,58,4,6.11"
"542,Kurilsk,RU,2021-04-18 00:16:43,45.2333,147.8833,38.17,94,100,20.31"
"543,Anchorage,US,2021-04-18 00:15:07,61.2181,-149.9003,53.6,28,1,6.91"
"544,Bismil,TR,2021-04-18 00:16:16,37.8486,40.6658,55.4,76,0,1.74"
"545,Vao,NC,2021-04-18 00:11:51,-22.6667,167.4833,74.98,76,35,17.96"
"546,Shimanovsk,RU,2021-04-18 00:16:43,52.0,127.7,47.26,43,0,11.05"
"547,Ulaangom,MN,2021-04-18 00:12:02,49.9811,92.0667,41.72,55,7,3.09"
"548,Sabang,ID,2021-04-18 00:16:44,5.8933,95.3214,82.92,74,99,10.51"
"549,Mumford,GH,2021-04-18 00:16:44,5.2618,-0.759,80.19,82,100,9.91"
"550,Dongsheng,CN,2021-04-18 00:12:47,39.8161,109.9776,43.48,23,0,10.02"
"551,Calvinia,ZA,2021-04-18 00:16:45,-31.4707,19.776,70.0,20,0,4.85"
"552,Waw,SS,2021-04-18 00:16:45,7.7029,27.9953,85.69,37,89,4.29"
"553,Barmer,IN,2021-04-18 00:16:46,25.75,71.3833,77.4,35,1,7.78"
"554,Belmonte,BR,2021-04-18 00:16:46,-15.8631,-38.8828,77.0,69,0,6.91"
"555,Mitsamiouli,KM,2021-04-18 00:16:47,-11.3847,43.2844,81.01,76,97,13.18"
"556,Douglas,US,2021-04-18 00:15:53,41.3,-96.167,55.4,47,90,11.5"
"557,Grand Gaube,MU,2021-04-18 00:14:29,-20.0064,57.6608,77.0,89,35,3.0"
"558,Kjollefjord,NO,2021-04-18 00:16:47,70.9457,27.3465,35.2,81,13,10.2"
"559,Bilma,NE,2021-04-18 00:13:27,18.6853,12.9164,85.44,8,92,7.7"
"560,Skjervoy,NO,2021-04-18 00:15:54,70.0311,20.9714,37.65,68,3,10.33"
"561,Iacu,BR,2021-04-18 00:16:48,-12.7672,-40.2117,73.06,80,71,5.88"
"562,Xapuri,BR,2021-04-18 00:16:48,-10.6517,-68.5044,74.66,96,99,2.46"
"563,Matara,LK,2021-04-18 00:14:44,5.9485,80.5353,76.05,91,97,6.53"
"564,Kota Belud,MY,2021-04-18 00:16:48,6.351,116.4305,80.6,74,20,6.91"
"565,Chapais,CA,2021-04-18 00:15:10,49.7834,-74.8492,46.4,46,75,3.44"
